{"stats":{"minecraft:custom":{"minecraft:jump":31,"minecraft:open_chest":4,"minecraft:time_since_rest":1212,"minecraft:damage_dealt":0,"minecraft:deaths":2,"minecraft:sprint_one_cm":8024,"minecraft:play_time":16691,"minecraft:damage_taken":550,"minecraft:time_since_death":0,"minecraft:walk_one_cm":16842,"minecraft:sneak_time":61,"minecraft:total_world_time":16691,"minecraft:interact_with_crafting_table":1,"minecraft:fly_one_cm":2544},"minecraft:crafted":{"minecraft:spruce_planks":32,"minecraft:stick":4,"minecraft:wooden_pickaxe":1}},"DataVersion":3465}