{
  "minecraft:recipes/decorations/ladder": {
    "criteria": {
      "has_stick": "2024-06-23 22:35:14 +0000"
    },
    "done": true
  },
  "mcwroofs:recipes/spruce": {
    "criteria": {
      "has_planks": "2024-06-23 22:34:49 +0000"
    },
    "done": true
  },
  "decorative_blocks:recipes/building_blocks/spruce_support": {
    "criteria": {
      "has_plank": "2024-06-23 22:35:10 +0000"
    },
    "done": true
  },
  "moreconcrete:recipes/decorations/pink_concrete_fence_gate": {
    "criteria": {
      "has_stick": "2024-06-23 22:35:14 +0000"
    },
    "done": true
  },
  "cfm:recipes/decorations/stripped_spruce_kitchen_counter": {
    "criteria": {
      "has_log": "2024-06-23 22:34:49 +0000"
    },
    "done": true
  },
  "mcwtrpdoors:recipes/print_cottage": {
    "criteria": {
      "has_logs": "2024-06-23 22:34:49 +0000"
    },
    "done": true
  },
  "aquaculture:recipes/aquaculture/heavy_hook": {
    "criteria": {
      "has_items": "2024-06-23 22:24:02 +0000"
    },
    "done": true
  },
  "mcwfences:recipes/dark_oak": {
    "criteria": {
      "has_dark_oak": "2024-06-23 22:24:02 +0000"
    },
    "done": true
  },
  "chiselsandbits:recipes/tools/magnifying_glass": {
    "criteria": {
      "has_s": "2024-06-23 22:35:14 +0000"
    },
    "done": true
  },
  "supplementaries:recipes/flags/flag_magenta": {
    "criteria": {
      "has_stick": "2024-06-23 22:35:14 +0000"
    },
    "done": true
  },
  "aquaculture:recipes/misc/neptunium_ingot_from_neptunium_block": {
    "criteria": {
      "has_items": "2024-06-23 22:24:01 +0000"
    },
    "done": true
  },
  "moreconcrete:recipes/decorations/orange_concrete_fence_gate": {
    "criteria": {
      "has_stick": "2024-06-23 22:35:14 +0000"
    },
    "done": true
  },
  "mcwfences:recipes/crimson": {
    "criteria": {
      "has_crimson": "2024-06-23 22:24:02 +0000"
    },
    "done": true
  },
  "minecraft:recipes/tools/wooden_axe": {
    "criteria": {
      "has_stick": "2024-06-23 22:35:14 +0000"
    },
    "done": true
  },
  "simplyswords:grant_book_on_first_join": {
    "criteria": {
      "tick": "2024-06-23 22:24:03 +0000"
    },
    "done": true
  },
  "undergarden:undergarden/root": {
    "criteria": {
      "tick": "2024-06-23 22:24:03 +0000"
    },
    "done": true
  },
  "moreconcrete:recipes/decorations/white_concrete_fence_gate": {
    "criteria": {
      "has_stick": "2024-06-23 22:35:14 +0000"
    },
    "done": true
  },
  "minecraft:recipes/decorations/crafting_table": {
    "criteria": {
      "unlock_right_away": "2024-06-23 22:24:03 +0000"
    },
    "done": true
  },
  "minecraft:recipes/misc/stick": {
    "criteria": {
      "has_planks": "2024-06-23 22:35:10 +0000"
    },
    "done": true
  },
  "mcwfences:recipes/jungle": {
    "criteria": {
      "has_jungle": "2024-06-23 22:24:02 +0000"
    },
    "done": true
  },
  "cfm:recipes/decorations/spruce_desk": {
    "criteria": {
      "has_log": "2024-06-23 22:34:49 +0000"
    },
    "done": true
  },
  "mcwfences:recipes/warped": {
    "criteria": {
      "has_warped": "2024-06-23 22:24:01 +0000"
    },
    "done": true
  },
  "decorative_blocks:recipes/building_blocks/spruce_palisade": {
    "criteria": {
      "has_log": "2024-06-23 22:34:49 +0000"
    },
    "done": true
  },
  "supplementaries:recipes/daub_cross_brace": {
    "criteria": {
      "forge:rods/wooden": "2024-06-23 22:35:14 +0000"
    },
    "done": true
  },
  "moreconcrete:recipes/redstone/cyan_concrete_lever": {
    "criteria": {
      "has_stick": "2024-06-23 22:35:14 +0000"
    },
    "done": true
  },
  "croptopia:recipes/campfire_toast": {
    "criteria": {
      "has_bread": "2024-06-23 22:34:45 +0000"
    },
    "done": true
  },
  "iceandfire:iceandfire/root": {
    "criteria": {
      "tick": "2024-06-23 22:24:03 +0000"
    },
    "done": true
  },
  "minecraft:recipes/redstone/spruce_button": {
    "criteria": {
      "has_planks": "2024-06-23 22:35:10 +0000"
    },
    "done": true
  },
  "moreconcrete:recipes/redstone/yellow_concrete_lever": {
    "criteria": {
      "has_stick": "2024-06-23 22:35:14 +0000"
    },
    "done": true
  },
  "cfm:recipes/decorations/stripped_spruce_chair": {
    "criteria": {
      "has_planks": "2024-06-23 22:34:49 +0000"
    },
    "done": true
  },
  "decorative_blocks:recipes/building_blocks/lattice": {
    "criteria": {
      "has_stick": "2024-06-23 22:35:14 +0000"
    },
    "done": true
  },
  "minecraft:recipes/decorations/campfire": {
    "criteria": {
      "has_stick": "2024-06-23 22:35:14 +0000"
    },
    "done": true
  },
  "supplementaries:recipes/timber_brace": {
    "criteria": {
      "forge:rods/wooden": "2024-06-23 22:35:14 +0000"
    },
    "done": true
  },
  "moreconcrete:recipes/decorations/lime_concrete_fence_gate": {
    "criteria": {
      "has_stick": "2024-06-23 22:35:14 +0000"
    },
    "done": true
  },
  "biomesoplenty:biomesoplenty/root": {
    "criteria": {
      "wetland": "2024-06-23 22:24:05 +0000"
    },
    "done": true
  },
  "mcwwindows:recipes/spruce": {
    "criteria": {
      "has_wood": "2024-06-23 22:34:49 +0000"
    },
    "done": true
  },
  "supplementaries:recipes/turn_table": {
    "criteria": {
      "minecraft:planks": "2024-06-23 22:35:10 +0000"
    },
    "done": true
  },
  "naturescompass:natures_compass_sapling": {
    "criteria": {
      "has_sapling": "2024-06-23 22:33:04 +0000"
    },
    "done": true
  },
  "moreconcrete:recipes/redstone/orange_concrete_lever": {
    "criteria": {
      "has_stick": "2024-06-23 22:35:14 +0000"
    },
    "done": true
  },
  "paraglider:recipes/misc/paraglider": {
    "criteria": {
      "has_stick": "2024-06-23 22:35:14 +0000"
    },
    "done": true
  },
  "aquaculture:recipes/decorations/acacia_fish_mount": {
    "criteria": {
      "has_items": "2024-06-23 22:24:02 +0000"
    },
    "done": true
  },
  "supplementaries:recipes/flags/flag_black": {
    "criteria": {
      "has_stick": "2024-06-23 22:35:14 +0000"
    },
    "done": true
  },
  "minecraft:recipes/combat/wooden_sword": {
    "criteria": {
      "has_stick": "2024-06-23 22:35:14 +0000"
    },
    "done": true
  },
  "betterdungeons:root": {
    "criteria": {
      "always": "2024-06-23 22:24:03 +0000"
    },
    "done": true
  },
  "supplementaries:recipes/flags/flag_green": {
    "criteria": {
      "has_stick": "2024-06-23 22:35:14 +0000"
    },
    "done": true
  },
  "mcwtrpdoors:recipes/bamboo/bamboo_ranch_trapdoor": {
    "criteria": {
      "has_logs": "2024-06-23 22:34:49 +0000"
    },
    "done": true
  },
  "aquaculture:recipes/aquaculture/light_hook": {
    "criteria": {
      "has_items": "2024-06-23 22:24:02 +0000"
    },
    "done": true
  },
  "mcwtrpdoors:recipes/spruce/spruce_tropical_trapdoor": {
    "criteria": {
      "has_logs": "2024-06-23 22:34:49 +0000"
    },
    "done": true
  },
  "supplementaries:recipes/flags/flag_purple": {
    "criteria": {
      "has_stick": "2024-06-23 22:35:14 +0000"
    },
    "done": true
  },
  "moreconcrete:recipes/decorations/gray_concrete_fence": {
    "criteria": {
      "has_stick": "2024-06-23 22:35:14 +0000"
    },
    "done": true
  },
  "mcwfences:recipes/birch": {
    "criteria": {
      "has_birch": "2024-06-23 22:24:02 +0000"
    },
    "done": true
  },
  "supplementaries:recipes/flags/flag_white": {
    "criteria": {
      "has_stick": "2024-06-23 22:35:14 +0000"
    },
    "done": true
  },
  "mcwfences:recipes/stone": {
    "criteria": {
      "has_stone": "2024-06-23 22:24:02 +0000"
    },
    "done": true
  },
  "supplementaries:recipes/timber_cross_brace": {
    "criteria": {
      "forge:rods/wooden": "2024-06-23 22:35:14 +0000"
    },
    "done": true
  },
  "aquaculture:recipes/tools/iron_fishing_rod": {
    "criteria": {
      "has_vanilla_rod": "2024-06-23 22:24:01 +0000"
    },
    "done": true
  },
  "undergarden:recipes/combat/slingshot": {
    "criteria": {
      "has_stick": "2024-06-23 22:35:14 +0000"
    },
    "done": true
  },
  "moreconcrete:recipes/decorations/cyan_concrete_fence_gate": {
    "criteria": {
      "has_stick": "2024-06-23 22:35:14 +0000"
    },
    "done": true
  },
  "travelersbackpack:recipes/misc/fox": {
    "criteria": {
      "has_sweet_berries": "2024-06-23 22:35:02 +0000"
    },
    "done": true
  },
  "decorative_blocks:recipes/building_blocks/spruce_seat": {
    "criteria": {
      "has_plank": "2024-06-23 22:35:10 +0000"
    },
    "done": true
  },
  "supplementaries:recipes/flags/flag_gray": {
    "criteria": {
      "has_stick": "2024-06-23 22:35:14 +0000"
    },
    "done": true
  },
  "moreconcrete:recipes/decorations/lime_concrete_fence": {
    "criteria": {
      "has_stick": "2024-06-23 22:35:14 +0000"
    },
    "done": true
  },
  "supplementaries:recipes/faucet": {
    "criteria": {
      "forge:rods/wooden": "2024-06-23 22:35:14 +0000"
    },
    "done": true
  },
  "minecraft:recipes/decorations/spruce_sign": {
    "criteria": {
      "has_planks": "2024-06-23 22:35:10 +0000"
    },
    "done": true
  },
  "mcwfences:recipes/sandstone": {
    "criteria": {
      "has_sand": "2024-06-23 22:24:02 +0000"
    },
    "done": true
  },
  "aquaculture:recipes/decorations/oak_fish_mount": {
    "criteria": {
      "has_items": "2024-06-23 22:24:02 +0000"
    },
    "done": true
  },
  "mcwfences:recipes/acacia": {
    "criteria": {
      "has_acacia": "2024-06-23 22:24:01 +0000"
    },
    "done": true
  },
  "cfm:recipes/decorations/spruce_blinds": {
    "criteria": {
      "has_log": "2024-06-23 22:34:49 +0000"
    },
    "done": true
  },
  "moreconcrete:recipes/redstone/purple_concrete_lever": {
    "criteria": {
      "has_stick": "2024-06-23 22:35:14 +0000"
    },
    "done": true
  },
  "supplementaries:recipes/bed_from_feather_block": {
    "criteria": {
      "minecraft:planks": "2024-06-23 22:35:10 +0000"
    },
    "done": true
  },
  "moreconcrete:recipes/decorations/blue_concrete_fence": {
    "criteria": {
      "has_stick": "2024-06-23 22:35:14 +0000"
    },
    "done": true
  },
  "cfm:recipes/decorations/stripped_spruce_crate": {
    "criteria": {
      "has_planks": "2024-06-23 22:34:49 +0000"
    },
    "done": true
  },
  "minecraft:recipes/building_blocks/emerald_block": {
    "criteria": {
      "has_emerald": "2024-06-23 22:33:05 +0000"
    },
    "done": true
  },
  "mcwfences:recipes/oak": {
    "criteria": {
      "has_oak": "2024-06-23 22:24:01 +0000"
    },
    "done": true
  },
  "croptopia:recipes/cheeseburger": {
    "criteria": {
      "has_bread": "2024-06-23 22:34:45 +0000"
    },
    "done": true
  },
  "moreconcrete:recipes/decorations/cyan_concrete_fence": {
    "criteria": {
      "has_stick": "2024-06-23 22:35:14 +0000"
    },
    "done": true
  },
  "undergarden:recipes/decorations/shard_torch": {
    "criteria": {
      "has_stick": "2024-06-23 22:35:14 +0000"
    },
    "done": true
  },
  "mcwtrpdoors:recipes/spruce/spruce_swamp_trapdoor": {
    "criteria": {
      "has_logs": "2024-06-23 22:34:49 +0000"
    },
    "done": true
  },
  "cfm:recipes/decorations/spruce_cabinet": {
    "criteria": {
      "has_log": "2024-06-23 22:34:49 +0000"
    },
    "done": true
  },
  "minecraft:recipes/building_blocks/spruce_wood": {
    "criteria": {
      "has_log": "2024-06-23 22:34:49 +0000"
    },
    "done": true
  },
  "iceandfire:recipes/misc/earplugs": {
    "criteria": {
      "has_item": "2024-06-23 22:35:10 +0000"
    },
    "done": true
  },
  "aquaculture:recipes/aquaculture/double_hook": {
    "criteria": {
      "has_items": "2024-06-23 22:24:01 +0000"
    },
    "done": true
  },
  "croptopia:recipes/food/toast_from_smoking_bread": {
    "criteria": {
      "has_bread": "2024-06-23 22:34:45 +0000"
    },
    "done": true
  },
  "supplementaries:recipes/decorations/sign_post_spruce": {
    "criteria": {
      "has_planks": "2024-06-23 22:35:10 +0000"
    },
    "done": true
  },
  "supplementaries:recipes/flags/flag_light_blue": {
    "criteria": {
      "has_stick": "2024-06-23 22:35:14 +0000"
    },
    "done": true
  },
  "mcwfences:recipes/hedge": {
    "criteria": {
      "has_birch": "2024-06-23 22:24:02 +0000"
    },
    "done": true
  },
  "cfm:recipes/decorations/spruce_crate": {
    "criteria": {
      "has_log": "2024-06-23 22:34:49 +0000"
    },
    "done": true
  },
  "betterdeserttemples:root": {
    "criteria": {
      "always": "2024-06-23 22:24:03 +0000"
    },
    "done": true
  },
  "aquaculture:recipes/aquaculture/fishing_line": {
    "criteria": {
      "has_items": "2024-06-23 22:24:01 +0000"
    },
    "done": true
  },
  "mcwtrpdoors:recipes/spruce/spruce_glass_trapdoor": {
    "criteria": {
      "has_logs": "2024-06-23 22:34:49 +0000"
    },
    "done": true
  },
  "aquaculture:recipes/aquaculture/iron_hook": {
    "criteria": {
      "has_items": "2024-06-23 22:24:02 +0000"
    },
    "done": true
  },
  "supplementaries:recipes/daub_brace": {
    "criteria": {
      "forge:rods/wooden": "2024-06-23 22:35:14 +0000"
    },
    "done": true
  },
  "moreconcrete:recipes/redstone/black_concrete_lever": {
    "criteria": {
      "has_stick": "2024-06-23 22:35:14 +0000"
    },
    "done": true
  },
  "aquaculture:recipes/misc/jellyfish_to_slimeball": {
    "criteria": {
      "has_items": "2024-06-23 22:24:01 +0000"
    },
    "done": true
  },
  "supplementaries:recipes/notice_board": {
    "criteria": {
      "minecraft:planks": "2024-06-23 22:35:10 +0000"
    },
    "done": true
  },
  "moreconcrete:recipes/decorations/brown_concrete_fence_gate": {
    "criteria": {
      "has_stick": "2024-06-23 22:35:14 +0000"
    },
    "done": true
  },
  "mcwtrpdoors:recipes/acacia/mangrove_bark_trapdoor": {
    "criteria": {
      "has_logs": "2024-06-23 22:34:49 +0000"
    },
    "done": true
  },
  "cfm:recipes/decorations/spruce_bedside_cabinet": {
    "criteria": {
      "has_log": "2024-06-23 22:34:49 +0000"
    },
    "done": true
  },
  "minecraft:recipes/tools/wooden_pickaxe": {
    "criteria": {
      "has_stick": "2024-06-23 22:35:14 +0000"
    },
    "done": true
  },
  "mcwtrpdoors:recipes/spruce/spruce_four_panel_trapdoor": {
    "criteria": {
      "has_logs": "2024-06-23 22:34:49 +0000"
    },
    "done": true
  },
  "aquaculture:recipes/tools/diamond_fishing_rod": {
    "criteria": {
      "has_vanilla_rod": "2024-06-23 22:24:01 +0000"
    },
    "done": true
  },
  "supplementaries:recipes/flags/flag_cyan": {
    "criteria": {
      "has_stick": "2024-06-23 22:35:14 +0000"
    },
    "done": true
  },
  "minecraft:recipes/redstone/spruce_trapdoor": {
    "criteria": {
      "has_planks": "2024-06-23 22:35:10 +0000"
    },
    "done": true
  },
  "moreconcrete:recipes/decorations/red_concrete_fence_gate": {
    "criteria": {
      "has_stick": "2024-06-23 22:35:14 +0000"
    },
    "done": true
  },
  "mcwdoors:recipes/spruce": {
    "criteria": {
      "has_wood": "2024-06-23 22:34:49 +0000"
    },
    "done": true
  },
  "moreconcrete:recipes/redstone/gray_concrete_lever": {
    "criteria": {
      "has_stick": "2024-06-23 22:35:14 +0000"
    },
    "done": true
  },
  "moreconcrete:recipes/decorations/magenta_concrete_fence_gate": {
    "criteria": {
      "has_stick": "2024-06-23 22:35:14 +0000"
    },
    "done": true
  },
  "cfm:recipes/decorations/stripped_spruce_kitchen_drawer": {
    "criteria": {
      "has_log": "2024-06-23 22:34:49 +0000"
    },
    "done": true
  },
  "supplementaries:recipes/flags/flag_red": {
    "criteria": {
      "has_stick": "2024-06-23 22:35:14 +0000"
    },
    "done": true
  },
  "cfm:recipes/decorations/spruce_kitchen_drawer": {
    "criteria": {
      "has_log": "2024-06-23 22:34:49 +0000"
    },
    "done": true
  },
  "moreconcrete:recipes/redstone/light_blue_concrete_lever": {
    "criteria": {
      "has_stick": "2024-06-23 22:35:14 +0000"
    },
    "done": true
  },
  "cfm:recipes/decorations/stripped_spruce_bedside_cabinet": {
    "criteria": {
      "has_planks": "2024-06-23 22:34:49 +0000"
    },
    "done": true
  },
  "moreconcrete:recipes/decorations/black_concrete_fence": {
    "criteria": {
      "has_stick": "2024-06-23 22:35:14 +0000"
    },
    "done": true
  },
  "aquaculture:recipes/misc/tin_can_to_iron_nugget": {
    "criteria": {
      "has_items": "2024-06-23 22:24:01 +0000"
    },
    "done": true
  },
  "moreconcrete:recipes/decorations/light_gray_concrete_fence_gate": {
    "criteria": {
      "has_stick": "2024-06-23 22:35:14 +0000"
    },
    "done": true
  },
  "moreconcrete:recipes/redstone/lime_concrete_lever": {
    "criteria": {
      "has_stick": "2024-06-23 22:35:14 +0000"
    },
    "done": true
  },
  "moreconcrete:recipes/redstone/green_concrete_lever": {
    "criteria": {
      "has_stick": "2024-06-23 22:35:14 +0000"
    },
    "done": true
  },
  "moreconcrete:recipes/decorations/yellow_concrete_fence": {
    "criteria": {
      "has_stick": "2024-06-23 22:35:14 +0000"
    },
    "done": true
  },
  "moreconcrete:recipes/redstone/light_gray_concrete_lever": {
    "criteria": {
      "has_stick": "2024-06-23 22:35:14 +0000"
    },
    "done": true
  },
  "mcwbridges:recipes/spruce_bridge_pier": {
    "criteria": {
      "has_planks": "2024-06-23 22:34:49 +0000"
    },
    "done": true
  },
  "supplementaries:recipes/crank": {
    "criteria": {
      "forge:rods/wooden": "2024-06-23 22:35:14 +0000"
    },
    "done": true
  },
  "cfm:recipes/decorations/spruce_coffee_table": {
    "criteria": {
      "has_log": "2024-06-23 22:34:49 +0000"
    },
    "done": true
  },
  "mcwbridges:recipes/spruce_rail_bridge": {
    "criteria": {
      "has_planks": "2024-06-23 22:35:10 +0000"
    },
    "done": true
  },
  "cfm:recipes/decorations/spruce_chair": {
    "criteria": {
      "has_log": "2024-06-23 22:34:49 +0000"
    },
    "done": true
  },
  "moreconcrete:recipes/redstone/red_concrete_lever": {
    "criteria": {
      "has_stick": "2024-06-23 22:35:14 +0000"
    },
    "done": true
  },
  "aquaculture:recipes/decorations/birch_fish_mount": {
    "criteria": {
      "has_items": "2024-06-23 22:24:02 +0000"
    },
    "done": true
  },
  "mcwbridges:recipes/rope_spruce_bridge": {
    "criteria": {
      "has_planks": "2024-06-23 22:35:10 +0000"
    },
    "done": true
  },
  "supplementaries:recipes/flags/flag_orange": {
    "criteria": {
      "has_stick": "2024-06-23 22:35:14 +0000"
    },
    "done": true
  },
  "cfm:recipes/decorations/spruce_kitchen_sink_light": {
    "criteria": {
      "has_bottom": "2024-06-23 22:35:10 +0000"
    },
    "done": true
  },
  "mcwfences:recipes/prismarine": {
    "criteria": {
      "has_qq": "2024-06-23 22:24:02 +0000"
    },
    "done": true
  },
  "mcwfences:recipes/quartz": {
    "criteria": {
      "has_qq": "2024-06-23 22:24:02 +0000"
    },
    "done": true
  },
  "supplementaries:recipes/lock_block": {
    "criteria": {
      "minecraft:planks": "2024-06-23 22:35:10 +0000"
    },
    "done": true
  },
  "aquaculture:recipes/misc/iron_nugget_from_smelting": {
    "criteria": {
      "has_fishing_rod": "2024-06-23 22:24:02 +0000",
      "has_fillet_knife": "2024-06-23 22:24:01 +0000"
    },
    "done": true
  },
  "moreconcrete:recipes/redstone/white_concrete_lever": {
    "criteria": {
      "has_stick": "2024-06-23 22:35:14 +0000"
    },
    "done": true
  },
  "repurposed_structures:root": {
    "criteria": {
      "always": "2024-06-23 22:24:03 +0000"
    },
    "done": true
  },
  "naturescompass:natures_compass": {
    "criteria": {
      "has_recipe": "2024-06-23 22:33:04 +0000"
    },
    "done": true
  },
  "moreconcrete:recipes/decorations/blue_concrete_fence_gate": {
    "criteria": {
      "has_stick": "2024-06-23 22:35:14 +0000"
    },
    "done": true
  },
  "aquaculture:recipes/tools/golden_fishing_rod": {
    "criteria": {
      "has_vanilla_rod": "2024-06-23 22:24:02 +0000"
    },
    "done": true
  },
  "moreconcrete:recipes/decorations/orange_concrete_fence": {
    "criteria": {
      "has_stick": "2024-06-23 22:35:14 +0000"
    },
    "done": true
  },
  "aquaculture:recipes/misc/gold_nugget_from_smelting": {
    "criteria": {
      "has_fishing_rod": "2024-06-23 22:24:01 +0000",
      "has_fillet_knife": "2024-06-23 22:24:02 +0000"
    },
    "done": true
  },
  "justaraftmod:recipes/transportation/spruce_raft": {
    "criteria": {
      "has_log": "2024-06-23 22:34:49 +0000"
    },
    "done": true
  },
  "mcwfences:recipes/mangrove": {
    "criteria": {
      "has_mangrove": "2024-06-23 22:24:02 +0000"
    },
    "done": true
  },
  "moreconcrete:recipes/decorations/green_concrete_fence": {
    "criteria": {
      "has_stick": "2024-06-23 22:35:14 +0000"
    },
    "done": true
  },
  "aquaculture:recipes/misc/bonemeal_from_fish_bones": {
    "criteria": {
      "has_items": "2024-06-23 22:24:01 +0000"
    },
    "done": true
  },
  "cfm:recipes/decorations/stripped_spruce_park_bench": {
    "criteria": {
      "has_log": "2024-06-23 22:34:49 +0000"
    },
    "done": true
  },
  "mcwfences:recipes/nether": {
    "criteria": {
      "has_nether_brick": "2024-06-23 22:24:02 +0000"
    },
    "done": true
  },
  "minecraft:recipes/decorations/spruce_fence": {
    "criteria": {
      "has_planks": "2024-06-23 22:35:10 +0000"
    },
    "done": true
  },
  "cfm:recipes/decorations/stripped_spruce_cabinet": {
    "criteria": {
      "has_log": "2024-06-23 22:34:49 +0000"
    },
    "done": true
  },
  "mcwtrpdoors:recipes/spruce/spruce_barrel_trapdoor": {
    "criteria": {
      "has_logs": "2024-06-23 22:34:49 +0000"
    },
    "done": true
  },
  "chiselsandbits:recipes/tools/chisel_diamond": {
    "criteria": {
      "has_rod": "2024-06-23 22:35:14 +0000"
    },
    "done": true
  },
  "cfm:recipes/decorations/stripped_spruce_coffee_table": {
    "criteria": {
      "has_planks": "2024-06-23 22:34:49 +0000"
    },
    "done": true
  },
  "supplementaries:recipes/sign_post_spruce": {
    "criteria": {
      "has_the_recipe": "2024-06-23 22:35:10 +0000"
    },
    "done": true
  },
  "moreconcrete:recipes/redstone/pink_concrete_lever": {
    "criteria": {
      "has_stick": "2024-06-23 22:35:14 +0000"
    },
    "done": true
  },
  "moreconcrete:recipes/decorations/light_blue_concrete_fence": {
    "criteria": {
      "has_stick": "2024-06-23 22:35:14 +0000"
    },
    "done": true
  },
  "mcwfences:recipes/bamboo": {
    "criteria": {
      "has_bamboo": "2024-06-23 22:24:02 +0000"
    },
    "done": true
  },
  "aquaculture:recipes/misc/brown_mushroom_from_fish": {
    "criteria": {
      "has_items": "2024-06-23 22:24:02 +0000"
    },
    "done": true
  },
  "chiselsandbits:recipes/tools/bit_storage": {
    "criteria": {
      "has_l": "2024-06-23 22:34:49 +0000"
    },
    "done": true
  },
  "mcwpaths:recipes/spruce": {
    "criteria": {
      "has_wood": "2024-06-23 22:35:10 +0000"
    },
    "done": true
  },
  "supplementaries:recipes/flags/flag_pink": {
    "criteria": {
      "has_stick": "2024-06-23 22:35:14 +0000"
    },
    "done": true
  },
  "minecraft:recipes/redstone/spruce_pressure_plate": {
    "criteria": {
      "has_planks": "2024-06-23 22:35:10 +0000"
    },
    "done": true
  },
  "cfm:recipes/decorations/spruce_kitchen_sink_dark": {
    "criteria": {
      "has_bottom": "2024-06-23 22:35:10 +0000"
    },
    "done": true
  },
  "dungeons_arise:wda_root": {
    "criteria": {
      "WDA": "2024-06-23 22:24:03 +0000"
    },
    "done": true
  },
  "supplementaries:recipes/timber_frame": {
    "criteria": {
      "forge:rods/wooden": "2024-06-23 22:35:14 +0000"
    },
    "done": true
  },
  "aquaculture:recipes/tools/wooden_fillet_knife": {
    "criteria": {
      "has_items": "2024-06-23 22:35:14 +0000"
    },
    "done": true
  },
  "mcwfences:recipes/spruce": {
    "criteria": {
      "has_spruce": "2024-06-23 22:24:02 +0000"
    },
    "done": true
  },
  "minecraft:recipes/tools/wooden_hoe": {
    "criteria": {
      "has_stick": "2024-06-23 22:35:14 +0000"
    },
    "done": true
  },
  "minecraft:recipes/misc/charcoal": {
    "criteria": {
      "has_log": "2024-06-23 22:34:49 +0000"
    },
    "done": true
  },
  "moreconcrete:recipes/decorations/white_concrete_fence": {
    "criteria": {
      "has_stick": "2024-06-23 22:35:14 +0000"
    },
    "done": true
  },
  "naturescompass:natures_compass_log": {
    "criteria": {
      "has_recipe": "2024-06-23 22:33:04 +0000"
    },
    "done": true
  },
  "aquaculture:recipes/misc/neptinium_ingot_from_blasting": {
    "criteria": {
      "has_leggings": "2024-06-23 22:24:02 +0000",
      "has_axe": "2024-06-23 22:24:02 +0000",
      "has_helmet": "2024-06-23 22:24:02 +0000",
      "has_fishing_rod": "2024-06-23 22:24:02 +0000",
      "has_bow": "2024-06-23 22:24:02 +0000",
      "has_chestplate": "2024-06-23 22:24:02 +0000",
      "has_sword": "2024-06-23 22:24:01 +0000",
      "has_fillet_knife": "2024-06-23 22:24:02 +0000",
      "has_shovel": "2024-06-23 22:24:02 +0000",
      "has_hoe": "2024-06-23 22:24:02 +0000",
      "has_boots": "2024-06-23 22:24:02 +0000",
      "has_pickaxe": "2024-06-23 22:24:02 +0000"
    },
    "done": true
  },
  "mcwfurnitures:recipes/spruce": {
    "criteria": {
      "has_wood": "2024-06-23 22:34:49 +0000"
    },
    "done": true
  },
  "supplementaries:recipes/slingshot": {
    "criteria": {
      "forge:rods/wooden": "2024-06-23 22:35:14 +0000"
    },
    "done": true
  },
  "moreconcrete:recipes/decorations/black_concrete_fence_gate": {
    "criteria": {
      "has_stick": "2024-06-23 22:35:14 +0000"
    },
    "done": true
  },
  "aquaculture:recipes/decorations/dark_oak_fish_mount": {
    "criteria": {
      "has_items": "2024-06-23 22:24:02 +0000"
    },
    "done": true
  },
  "cfm:recipes/decorations/spruce_upgraded_fence": {
    "criteria": {
      "has_log": "2024-06-23 22:34:49 +0000"
    },
    "done": true
  },
  "minecraft:recipes/tools/wooden_shovel": {
    "criteria": {
      "has_stick": "2024-06-23 22:35:14 +0000"
    },
    "done": true
  },
  "vanillaaiots:recipes/tools/wooden_aiot": {
    "criteria": {
      "criterion1": "2024-06-23 22:35:48 +0000"
    },
    "done": true
  },
  "cfm:recipes/decorations/spruce_park_bench": {
    "criteria": {
      "has_log": "2024-06-23 22:34:49 +0000"
    },
    "done": true
  },
  "mcwtrpdoors:recipes/spruce/spruce_ranch_trapdoor": {
    "criteria": {
      "has_logs": "2024-06-23 22:34:49 +0000"
    },
    "done": true
  },
  "supplementaries:recipes/clock_block": {
    "criteria": {
      "minecraft:planks": "2024-06-23 22:35:10 +0000"
    },
    "done": true
  },
  "moreconcrete:recipes/decorations/purple_concrete_fence": {
    "criteria": {
      "has_stick": "2024-06-23 22:35:14 +0000"
    },
    "done": true
  },
  "aquaculture:recipes/aquaculture/diamond_hook": {
    "criteria": {
      "has_items": "2024-06-23 22:24:01 +0000"
    },
    "done": true
  },
  "chiselsandbits:recipes/tools/chisel_gold": {
    "criteria": {
      "has_rod": "2024-06-23 22:35:14 +0000"
    },
    "done": true
  },
  "aquaculture:recipes/food/sushi": {
    "criteria": {
      "has_alt_items": "2024-06-23 22:24:01 +0000",
      "has_items": "2024-06-23 22:24:02 +0000"
    },
    "done": true
  },
  "minecraft:recipes/decorations/barrel": {
    "criteria": {
      "has_planks": "2024-06-23 22:35:10 +0000"
    },
    "done": true
  },
  "occultism:recipes/crushing/crushing/emerald_dust_from_gem": {
    "criteria": {
      "has_emerald_gem": "2024-06-23 22:33:05 +0000"
    },
    "done": true
  },
  "mcwtrpdoors:recipes/mangrove/mangrove_ranch_trapdoor": {
    "criteria": {
      "has_logs": "2024-06-23 22:34:49 +0000"
    },
    "done": true
  },
  "chiselsandbits:recipes/tools/chiseled_printer": {
    "criteria": {
      "has_l": "2024-06-23 22:34:49 +0000"
    },
    "done": true
  },
  "moreconcrete:recipes/decorations/red_concrete_fence": {
    "criteria": {
      "has_stick": "2024-06-23 22:35:14 +0000"
    },
    "done": true
  },
  "aquaculture:recipes/misc/red_mushroom_from_fish": {
    "criteria": {
      "has_items": "2024-06-23 22:24:02 +0000"
    },
    "done": true
  },
  "aquaculture:recipes/building_blocks/planks_from_driftwood": {
    "criteria": {
      "has_items": "2024-06-23 22:24:02 +0000"
    },
    "done": true
  },
  "mcwtrpdoors:recipes/spruce/spruce_classic_trapdoor": {
    "criteria": {
      "has_logs": "2024-06-23 22:34:49 +0000"
    },
    "done": true
  },
  "moreconcrete:recipes/decorations/magenta_concrete_fence": {
    "criteria": {
      "has_stick": "2024-06-23 22:35:14 +0000"
    },
    "done": true
  },
  "cfm:recipes/decorations/stripped_spruce_table": {
    "criteria": {
      "has_planks": "2024-06-23 22:34:49 +0000"
    },
    "done": true
  },
  "croptopia:recipes/food/toast_from_bread": {
    "criteria": {
      "has_bread": "2024-06-23 22:34:45 +0000"
    },
    "done": true
  },
  "mcwtrpdoors:recipes/spruce/spruce_barn_trapdoor": {
    "criteria": {
      "has_logs": "2024-06-23 22:34:49 +0000"
    },
    "done": true
  },
  "mcwfences:recipes/end": {
    "criteria": {
      "has_end_brick": "2024-06-23 22:24:02 +0000"
    },
    "done": true
  },
  "aquaculture:recipes/aquaculture/worm_farm": {
    "criteria": {
      "has_items": "2024-06-23 22:24:02 +0000"
    },
    "done": true
  },
  "moreconcrete:recipes/decorations/brown_concrete_fence": {
    "criteria": {
      "has_stick": "2024-06-23 22:35:14 +0000"
    },
    "done": true
  },
  "mcwtrpdoors:recipes/spruce/spruce_mystic_trapdoor": {
    "criteria": {
      "has_logs": "2024-06-23 22:34:49 +0000"
    },
    "done": true
  },
  "undergarden:recipes/decorations/torch_ditchbulb_paste": {
    "criteria": {
      "has_stick": "2024-06-23 22:35:14 +0000"
    },
    "done": true
  },
  "aquaculture:recipes/aquaculture/note_hook": {
    "criteria": {
      "has_items": "2024-06-23 22:24:02 +0000"
    },
    "done": true
  },
  "supplementaries:recipes/flags/flag_brown": {
    "criteria": {
      "has_stick": "2024-06-23 22:35:14 +0000"
    },
    "done": true
  },
  "aquaculture:recipes/food/cooked_fish_fillet_from_campfire": {
    "criteria": {
      "has_items": "2024-06-23 22:24:02 +0000"
    },
    "done": true
  },
  "mcwtrpdoors:recipes/spruce/spruce_blossom_trapdoor": {
    "criteria": {
      "has_plankss": "2024-06-23 22:35:10 +0000"
    },
    "done": true
  },
  "aquaculture:recipes/aquaculture/gold_hook": {
    "criteria": {
      "has_items": "2024-06-23 22:24:02 +0000"
    },
    "done": true
  },
  "undergarden:recipes/decorations/undergarden_scaffolding": {
    "criteria": {
      "has_stick": "2024-06-23 22:35:14 +0000"
    },
    "done": true
  },
  "mcwtrpdoors:recipes/spruce/spruce_paper_trapdoor": {
    "criteria": {
      "has_logs": "2024-06-23 22:34:49 +0000"
    },
    "done": true
  },
  "chiselsandbits:recipes/tools/modification_table": {
    "criteria": {
      "has_b": "2024-06-23 22:34:49 +0000"
    },
    "done": true
  },
  "mcwroofs:recipes/spruce_planks": {
    "criteria": {
      "has_planks": "2024-06-23 22:35:10 +0000"
    },
    "done": true
  },
  "aquaculture:recipes/decorations/spruce_fish_mount": {
    "criteria": {
      "has_items": "2024-06-23 22:24:02 +0000"
    },
    "done": true
  },
  "biomesoplenty:biomesoplenty/all_biomes": {
    "criteria": {
      "wetland": "2024-06-23 22:24:05 +0000",
      "maple_woods": "2024-06-23 22:32:22 +0000"
    },
    "done": false
  },
  "moreconcrete:recipes/decorations/green_concrete_fence_gate": {
    "criteria": {
      "has_stick": "2024-06-23 22:35:14 +0000"
    },
    "done": true
  },
  "mcwfences:recipes/mud_brick": {
    "criteria": {
      "has_qq": "2024-06-23 22:24:02 +0000"
    },
    "done": true
  },
  "travelersbackpack:recipes/misc/emerald": {
    "criteria": {
      "has_emerald": "2024-06-23 22:33:05 +0000"
    },
    "done": true
  },
  "mcwfences:recipes/blackstone": {
    "criteria": {
      "has_blackstone": "2024-06-23 22:24:01 +0000"
    },
    "done": true
  },
  "supplementaries:recipes/speaker_block": {
    "criteria": {
      "has_emerald": "2024-06-23 22:33:05 +0000"
    },
    "done": true
  },
  "advancednetherite:recipes/misc/netherite_emerald_ingot": {
    "criteria": {
      "has_TagKey[minecraft:item / forge:gems/emerald]": "2024-06-23 22:33:05 +0000"
    },
    "done": true
  },
  "moreconcrete:recipes/decorations/yellow_concrete_fence_gate": {
    "criteria": {
      "has_stick": "2024-06-23 22:35:14 +0000"
    },
    "done": true
  },
  "aquaculture:recipes/misc/tin_can_to_iron_nugget_from_blasting": {
    "criteria": {
      "has_items": "2024-06-23 22:24:01 +0000"
    },
    "done": true
  },
  "moreconcrete:recipes/decorations/gray_concrete_fence_gate": {
    "criteria": {
      "has_stick": "2024-06-23 22:35:14 +0000"
    },
    "done": true
  },
  "minecraft:recipes/building_blocks/spruce_slab": {
    "criteria": {
      "has_planks": "2024-06-23 22:35:10 +0000"
    },
    "done": true
  },
  "cataclysm:root": {
    "criteria": {
      "custom_test_name": "2024-06-23 22:24:03 +0000"
    },
    "done": true
  },
  "mcwtrpdoors:recipes/acacia/spruce_bark_trapdoor": {
    "criteria": {
      "has_logs": "2024-06-23 22:34:49 +0000"
    },
    "done": true
  },
  "cfm:recipes/decorations/spruce_upgraded_gate": {
    "criteria": {
      "has_log": "2024-06-23 22:34:49 +0000"
    },
    "done": true
  },
  "supplementaries:recipes/flags/flag_blue": {
    "criteria": {
      "has_stick": "2024-06-23 22:35:14 +0000"
    },
    "done": true
  },
  "minecraft:recipes/building_blocks/spruce_planks": {
    "criteria": {
      "has_logs": "2024-06-23 22:34:49 +0000"
    },
    "done": true
  },
  "moreconcrete:recipes/decorations/light_gray_concrete_fence": {
    "criteria": {
      "has_stick": "2024-06-23 22:35:14 +0000"
    },
    "done": true
  },
  "mcwfences:recipes/deepslate": {
    "criteria": {
      "has_deepslate": "2024-06-23 22:24:02 +0000"
    },
    "done": true
  },
  "aquaculture:recipes/aquaculture/redstone_hook": {
    "criteria": {
      "has_items": "2024-06-23 22:24:02 +0000"
    },
    "done": true
  },
  "supplementaries:recipes/daub_frame": {
    "criteria": {
      "forge:rods/wooden": "2024-06-23 22:35:14 +0000"
    },
    "done": true
  },
  "mcwtrpdoors:recipes/spruce/spruce_beach_trapdoor": {
    "criteria": {
      "has_logs": "2024-06-23 22:34:49 +0000"
    },
    "done": true
  },
  "mcwtrpdoors:recipes/cherry/cherry_ranch_trapdoor": {
    "criteria": {
      "has_logs": "2024-06-23 22:34:49 +0000"
    },
    "done": true
  },
  "aquaculture:recipes/misc/gold_nugget_from_blasting": {
    "criteria": {
      "has_fishing_rod": "2024-06-23 22:24:02 +0000",
      "has_fillet_knife": "2024-06-23 22:24:02 +0000"
    },
    "done": true
  },
  "mcwbridges:recipes/spruce_log_bridge_middle": {
    "criteria": {
      "has_planks": "2024-06-23 22:35:10 +0000"
    },
    "done": true
  },
  "aquaculture:recipes/aquaculture/bobber": {
    "criteria": {
      "has_items": "2024-06-23 22:24:01 +0000"
    },
    "done": true
  },
  "chiselsandbits:recipes/tools/wrench": {
    "criteria": {
      "has_p": "2024-06-23 22:35:10 +0000"
    },
    "done": true
  },
  "aquaculture:recipes/misc/gold_nugget_from_gold_fish": {
    "criteria": {
      "has_items": "2024-06-23 22:24:01 +0000"
    },
    "done": true
  },
  "aquaculture:recipes/food/cooked_fish_fillet_from_smoking": {
    "criteria": {
      "has_items": "2024-06-23 22:24:02 +0000"
    },
    "done": true
  },
  "chiselsandbits:recipes/tools/chisel_iron": {
    "criteria": {
      "has_rod": "2024-06-23 22:35:14 +0000"
    },
    "done": true
  },
  "moreconcrete:recipes/decorations/pink_concrete_fence": {
    "criteria": {
      "has_stick": "2024-06-23 22:35:14 +0000"
    },
    "done": true
  },
  "aquaculture:recipes/food/cooked_fish_fillet": {
    "criteria": {
      "has_items": "2024-06-23 22:24:01 +0000"
    },
    "done": true
  },
  "cfm:recipes/decorations/spruce_desk_cabinet": {
    "criteria": {
      "has_log": "2024-06-23 22:34:49 +0000"
    },
    "done": true
  },
  "supplementaries:recipes/flags/flag_yellow": {
    "criteria": {
      "has_stick": "2024-06-23 22:35:14 +0000"
    },
    "done": true
  },
  "moreconcrete:recipes/redstone/blue_concrete_lever": {
    "criteria": {
      "has_stick": "2024-06-23 22:35:14 +0000"
    },
    "done": true
  },
  "minecraft:recipes/redstone/spruce_door": {
    "criteria": {
      "has_planks": "2024-06-23 22:35:10 +0000"
    },
    "done": true
  },
  "minecraft:recipes/redstone/spruce_fence_gate": {
    "criteria": {
      "has_planks": "2024-06-23 22:35:10 +0000"
    },
    "done": true
  },
  "cfm:recipes/decorations/spruce_kitchen_counter": {
    "criteria": {
      "has_log": "2024-06-23 22:34:49 +0000"
    },
    "done": true
  },
  "supplementaries:recipes/flags/flag_light_gray": {
    "criteria": {
      "has_stick": "2024-06-23 22:35:14 +0000"
    },
    "done": true
  },
  "woodenshears:recipes/tools/wooden_shears": {
    "criteria": {
      "has_planks": "2024-06-23 22:35:10 +0000"
    },
    "done": true
  },
  "mcwtrpdoors:recipes/spruce/spruce_barred_trapdoor": {
    "criteria": {
      "has_logs": "2024-06-23 22:34:49 +0000"
    },
    "done": true
  },
  "cfm:recipes/decorations/stripped_spruce_desk": {
    "criteria": {
      "has_planks": "2024-06-23 22:34:49 +0000"
    },
    "done": true
  },
  "moreconcrete:recipes/decorations/purple_concrete_fence_gate": {
    "criteria": {
      "has_stick": "2024-06-23 22:35:14 +0000"
    },
    "done": true
  },
  "cfm:recipes/decorations/stripped_spruce_desk_cabinet": {
    "criteria": {
      "has_planks": "2024-06-23 22:34:49 +0000"
    },
    "done": true
  },
  "supplementaries:recipes/pulley": {
    "criteria": {
      "minecraft:planks": "2024-06-23 22:35:10 +0000"
    },
    "done": true
  },
  "moreconcrete:recipes/redstone/brown_concrete_lever": {
    "criteria": {
      "has_stick": "2024-06-23 22:35:14 +0000"
    },
    "done": true
  },
  "moreconcrete:recipes/decorations/light_blue_concrete_fence_gate": {
    "criteria": {
      "has_stick": "2024-06-23 22:35:14 +0000"
    },
    "done": true
  },
  "aquaculture:recipes/misc/neptunium_ingot_from_nuggets": {
    "criteria": {
      "has_items": "2024-06-23 22:24:01 +0000"
    },
    "done": true
  },
  "occultism:occultism/root": {
    "criteria": {
      "occultism_present": "2024-06-23 22:24:03 +0000"
    },
    "done": true
  },
  "aquaculture:recipes/misc/iron_nugget_from_blasting": {
    "criteria": {
      "has_fishing_rod": "2024-06-23 22:24:02 +0000",
      "has_fillet_knife": "2024-06-23 22:24:02 +0000"
    },
    "done": true
  },
  "minecraft:recipes/building_blocks/spruce_stairs": {
    "criteria": {
      "has_planks": "2024-06-23 22:35:10 +0000"
    },
    "done": true
  },
  "chiselsandbits:recipes/tools/chisel_stone": {
    "criteria": {
      "has_rod": "2024-06-23 22:35:14 +0000"
    },
    "done": true
  },
  "moreconcrete:recipes/redstone/magenta_concrete_lever": {
    "criteria": {
      "has_stick": "2024-06-23 22:35:14 +0000"
    },
    "done": true
  },
  "supplementaries:recipes/flags/flag_lime": {
    "criteria": {
      "has_stick": "2024-06-23 22:35:14 +0000"
    },
    "done": true
  },
  "aquaculture:recipes/decorations/jungle_fish_mount": {
    "criteria": {
      "has_items": "2024-06-23 22:24:02 +0000"
    },
    "done": true
  },
  "cfm:recipes/decorations/spruce_table": {
    "criteria": {
      "has_log": "2024-06-23 22:34:49 +0000"
    },
    "done": true
  },
  "DataVersion": 3465
}